{
  "project_info": {
    "project_number": "429551708288",
    "firebase_url": "https://appchat-b3e53.firebaseio.com",
    "project_id": "appchat-b3e53",
    "storage_bucket": "appchat-b3e53.appspot.com"
  },
  "client": [
    {
      "client_info": {
        "mobilesdk_app_id": "1:429551708288:android:8a705b17ee8b1decc95e65",
        "android_client_info": {
          "package_name": "hathienvan.firstapplication.appchatjetart"
        }
      },
      "oauth_client": [
        {
          "client_id": "429551708288-9gg75an23i02ef709kj8lul7actm0vlj.apps.googleusercontent.com",
          "client_type": 1,
          "android_info": {
            "package_name": "hathienvan.firstapplication.appchatjetart",
            "certificate_hash": "a15caabadd7cb36d08a6068cb055f625589965ad"
          }
        },
        {
          "client_id": "429551708288-qniajkvc0ahpc3uj2oefk2gus6d9ukt6.apps.googleusercontent.com",
          "client_type": 3
        }
      ],
      "api_key": [
        {
          "current_key": "AIzaSyAl4hZVxpTEAZisnXblFVM4SvLSKTUmj_A"
        }
      ],
      "services": {
        "appinvite_service": {
          "other_platform_oauth_client": [
            {
              "client_id": "429551708288-qniajkvc0ahpc3uj2oefk2gus6d9ukt6.apps.googleusercontent.com",
              "client_type": 3
            }
          ]
        }
      }
    }
  ],
  "configuration_version": "1"
}